{"matrix": [[7131.192186952207, 0.0, 46.99226997212593], [0.0, 799.756906555321, 268.7255587988153], [0.0, 0.0, 1.0]], "distortion": [[-20.032976944302945], [2597.019597902992], [-0.048229128699155285], [-0.5901801629615855], [-54569.76131978648]]}