{"matrix": [[2143.9047536611815, 0.0, 363.3254470293499], [0.0, -84.3802972499799, 322.5306262834373], [0.0, 0.0, 1.0]], "distortion": [[-1.3304420629480775, -0.6184235859766956, -0.8556267171831972, 0.003935046915995685, 0.31426197790628585]], "focal_distance": 3.0, "sensor_dimension": [3.0, 3.0], "image_size": [1400, 1100]}