{"matrix": [[1917.8962611957263, 0.0, 933.0729094103241], [0.0, -137.53291052442745, 386.50842432596716], [0.0, 0.0, 1.0]], "distortion": [[0.5920570114259723, 0.2619080292484972, 0.45679036910468457, -0.005440304339541634, -0.08640015541734418]], "px_mm_ratio": 0.28741755086138826, "focal_distance": 3.0}