{"matrix": [[970.5679192258601, 0.0, 365.04135795062734], [0.0, 976.5597578302386, 314.36642667694247], [0.0, 0.0, 1.0]], "distortion": [[-0.09799156519633956], [2.1693523463619853], [-0.00019153375856891973], [-0.005729763472462165], [-13.410711866803195]], "focal_distance": 3.42}