{"matrix": [[17055.2514489997, 0.0, 422.31902275246614], [0.0, 22617.958269115778, 301.17118947727505], [0.0, 0.0, 1.0]], "distortion": [[1181.6223289392333, 952209.1561518388, 23.44569964188875, 14.425039848245435, 526.3037971813351]], "focal_distance": 2.48, "sensor_dimension": [2.64, 1.76], "image_size": [800, 600]}