{"left_matrix": [[970.4371047583769, 0.0, 390.24821095721353], [0.0, 971.1129277081432, 241.04602652755068], [0.0, 0.0, 1.0]], "left_distortion": [[0.13700856246024085], [-0.8091636681157338], [0.0038518311464333546], [0.002944281659178772], [1.2622159238775417]], "right_matrix": [[951.142907839976, 0.0, 323.5877532377294], [0.0, 952.8960222536838, 192.21063869591535], [0.0, 0.0, 1.0]], "right_distortion": [[0.010408783157014434], [1.1670641584610948], [0.0008676658658806197], [-0.02218044634296258], [-13.296625392437235]], "R_matrix": [[0.9986310399948258, 0.009168051133693778, 0.051497502825501786], [-0.0056274557115808125, 0.9976365091353431, -0.06848158425781875], [-0.0520036316142131, 0.0680980357914713, 0.9963223774563517]], "T_vector": [[-62.13567510916984], [9.094972416956395], [-13.79933501074634]], "focal_distance": 4.15417}