{"left_matrix": [[1604.0764923220725, 0.0, 695.2732161852892], [0.0, 1609.237258369346, 433.03423004030105], [0.0, 0.0, 1.0]], "left_distortion": [[0.014629280427282754], [0.17545104703685083], [-0.002895571976886969], [0.00862059702154335], [-0.38200865727786254]], "right_matrix": [[1604.0764923220725, 0.0, 695.2732161852892], [0.0, 1609.237258369346, 433.03423004030105], [0.0, 0.0, 1.0]], "right_distortion": [[-0.009767091700854864], [1.7364789263287184], [0.016708319309172364], [-0.011696411633718016], [-7.7342814051806705]], "R_matrix": [[0.9992708160126533, -0.01951011925962762, 0.03282059584896401], [0.018963691425900094, 0.9996776927211372, 0.016878657625739583], [-0.033139322155245864, -0.016243950326777078, 0.9993187276364194]], "T_vector": [[16.15076395463914], [3.721440700694523], [-0.004997018288308297]], "focal_distance": 4.15417}