{"matrix": [[970.7808694146526, 0.0, 385.0122379475739], [0.0, 970.1929411781452, 230.67852825871415], [0.0, 0.0, 1.0]], "distortion": [[0.0970794248992087, 0.46852992832469376, -0.0027402493655248367, -0.002055751211595421, -12.963018944283235]], "focal_distance": 4.15, "sensor_dimension": [3.6888, 2.0754], "image_size": [640, 480]}