{"left_matrix": [[853.7939664276042, 0.0, 338.7448194373608], [0.0, 847.8599661733846, 348.28188916853935], [0.0, 0.0, 1.0]], "left_distortion": [[-0.13593972228092277], [2.101392733411912], [0.0010071898739806363], [0.0015141977611404258], [-8.9934899062811]], "right_matrix": [[866.8294505782919, 0.0, 368.7122755423247], [0.0, 861.4735393376038, 359.3314819755161], [0.0, 0.0, 1.0]], "right_distortion": [[-0.16959009121086488], [1.974223177122604], [-0.001861900812902509], [0.004160948474863287], [-7.233836914294429]], "R_matrix": [[0.9996219507777144, -0.011194257376679301, 0.025112628797902645], [0.011063984025222864, 0.9999246372782578, 0.005320528304066909], [-0.02517029560506196, -0.005040671158628073, 0.9996704696315803]], "T_vectord": [[13.095743163728892], [-3.1320369694391177], [7.974971338146508]], "focal_distance": 3.42}